artist,artist_uri
STAYC,spotify:artist:01XYiBYaoMJcNhPokrg0l0
KEY,spotify:artist:6XXKPxRX2WWPPtfodzpc2v
Young K,spotify:artist:6mNk6ugGIlgVhtDw5dQmCX
Stray Kids,spotify:artist:2dIgFjalVxs4ThymZ67YCE
TOMORROW X TOGETHER,spotify:artist:0ghlgldX5Dd6720Q3qFyQB
JAY B,spotify:artist:3IjHX8KZKoeq3X4QgXxqbT
Red Velvet,spotify:artist:1z4g3DjTBBZKhvAroFlhOM
D.O.,spotify:artist:2CQZr2RPZmrcvDnaod1ldC
ENHYPEN,spotify:artist:5t5FqBwTcgKTaWmfEbwQY9
SOMI,spotify:artist:7zYj9S9SdIunYCfSm7vzAR
CL,spotify:artist:0tzSBCPJZmHTdOA3ZV2mN3
Sam Kim,spotify:artist:4BBN286rBKyCWsSPq2cxYO
TEN,spotify:artist:3Q5Qep7ytrjVleNnMnntgQ
SUNMI,spotify:artist:6MoXcK2GyGg7FIyxPU5yW6
Weeekly,spotify:artist:73B9bjqS2Z5KLXNGqXf64m
THE BOYZ,spotify:artist:0CmvFWTX9zmMNCUi6fHtAx
TWICE,spotify:artist:7n2Ycct7Beij7Dj7meI4X0
aespa,spotify:artist:6YVMFz59CuY7ngCxTxjpxE
TAEYEON,spotify:artist:3qNVuliS40BLgXGxhdBdqu
BTS,spotify:artist:3Nrfpe0tUJi4K4DXYWgMUX
ITZY,spotify:artist:2KC9Qb60EaY0kW4eH68vr3
LOONA,spotify:artist:52zMTJCKluDlFwMQWmccY7
Dreamcatcher,spotify:artist:5V1qsQHdXNm4ZEZHWvFnqQ
AKMU,spotify:artist:6OwKE9Ez6ALxpTaKcT5ayv
ASTRO,spotify:artist:4pz4uzOMpJQyV8UTsDy4H8
NCT DREAM,spotify:artist:1gBUSTR3TyDdTVFIaQnc02
JOY,spotify:artist:0sYpJ0nCC8AlDrZFeAA7ub
SEVENTEEN,spotify:artist:7nqOGRxlXj7N2JYbgNEjYH
ROSÉ,spotify:artist:3eVa5w3URK5duf6eyVDbu9
Brave Girls,spotify:artist:7t5H3uQv0Zw6cQUnSTF5BB
Monsta X,spotify:artist:4TnGh5PKbSjpYqpIdlW5nz
SF9,spotify:artist:7LOmc7gyMVMOWF8qwEdn2X
OH MY GIRL,spotify:artist:2019zR22qK2RBvCqtudBaI
EVERGLOW,spotify:artist:3ZZzT0naD25RhY2uZvIKkJ
IU,spotify:artist:3HqSLMAZ3g3d5poNaI7GOU
2PM,spotify:artist:5iRPbkcPmqAFFwDUj6ywVS
GFRIEND,spotify:artist:0qlWcS66ohOIi0M8JZwPft
EXO,spotify:artist:3cjEqqelV9zb4BYE3qDQ4O
Woosung,spotify:artist:5LHu1iF8m0XtRBEJbbwSoo
TAEMIN,spotify:artist:13rF01aOogvnkuQXOlgTW8
Jessi,spotify:artist:64k5e9kV9MdukXjFrR5R37
OMEGA X,spotify:artist:2FJYWlqgtoiBtXpOy9GGIF
NCT U,spotify:artist:3paGCCtX1Xr4Gx53mSeZuQ
PENTAGON,spotify:artist:1wKpMkucynaTfG8lyPprYV
DAY6,spotify:artist:5TnQc2N1iKlFjYD7CPGvFc
The Rose,spotify:artist:5na1LmEmK2VzNLje9snJYW
A.C.E,spotify:artist:25KT93FeotUTHC1dbLasxi
ATEEZ,spotify:artist:68KmkJeZGfwe1OUaivBa2L
TREASURE,spotify:artist:3KonOYiLsU53m4yT7gNotP
iKON,spotify:artist:5qRSs6mvI17zrkJpOHkCoM
GOT7,spotify:artist:6nfDaffa50mKtEOwR8g4df
SHINee,spotify:artist:2hRQKC0gqlZGPrmUKbcchR
"Car, the garden",spotify:artist:7c1HgFDe8ogy5NOZ1ANCJQ
Solar,spotify:artist:5cYcI546S8Lf97m4mNdYLD
Cheon Dan Bi,spotify:artist:2AqxU4G8A5RoUMtIiKfHcQ
Jeong Yu Jin,spotify:artist:1XtBI35SSGjQXm1auxDOmD
Kim Jong Kook,spotify:artist:60YNqzrSj7rJkuqHkpHPqG
Jung Dong Ha,spotify:artist:5Y5c91VcBMoVZbYBZdoRnu
Ha Dong Qn,spotify:artist:7gjNpUcKOWzo2jnN7VsxoQ
YODAYOUNG,spotify:artist:3TE3mzbf7EouO9qVs7ja6w
YOO SEONHO,spotify:artist:0JgjaJCc3hljutULWQXewZ
HA SUNG WOON,spotify:artist:3OBkZ9NG8F0Fn4oNpg0yuU
Mido and Falasol,spotify:artist:3lBxyv4EPpiE80Ji1Eyfiq
Elaine,spotify:artist:7o30ZHbzQe9mDG8LbmmSel
Yun Song A,spotify:artist:2yh20ZxSlQ9YC11QGdVB9E
지예송,spotify:artist:05gFL1ZhVoHsjVkX6Hb8nt
BAEKHYUN,spotify:artist:4ufh0WuMZh6y4Dmdnklvdl
yourbeagle,spotify:artist:62i8ukH7NagOk7lZE6B3xA
Yoon Mirae,spotify:artist:1Do4bSzfUl0KWL9r1fITu0
Onestar,spotify:artist:6EmgTIhhXGtfAmYYTfdtlz
Sondia,spotify:artist:18VQ59noY7aOj59UNMozHp
misonyeon,spotify:artist:3RBwHbXl5zZ2A1EzavONan
KLANG,spotify:artist:3lxXfdGXe8k188bUZgKqgF
RIO,spotify:artist:3sSwsGMEcViUoDXzzcht3g
YOONWON,spotify:artist:1Wp1QiJslBV2qX7aAV7pXN
Seung Hee (OH MY GIRL),spotify:artist:2zJZUKx6PJLb0nbkgChT5R
Huckleberry Finn,spotify:artist:4HWH9BmIaKteAv5RmqWeZa
seo hyun jin,spotify:artist:56kr7ithHAvEeInwvWJoRs
Kwon Jin Ah,spotify:artist:0kRAVpQhUUArA8UnYwEdeZ
Kwon Soonkwan,spotify:artist:4QLDKHOPL4cISjOBek1ZP7
Say Sue Me,spotify:artist:4tvbo17gXpYgSr8sTlkaby
Yoo Yeon Seok,spotify:artist:6xPx7ZAh3o3PMkpk8VDeGj
Han Seungwoo,spotify:artist:2RSsuFG2pkU9sGZ85UzFgl
ONEW,spotify:artist:7sZ5ipSoboWdqXkdj6AXHo
MOOK,spotify:artist:5Sqk710FhqXdb9YNDjM66Y
김진웅,spotify:artist:0slIcAQLtJUFLW2IF1y63I
Baek A Yeon,spotify:artist:5UKoKVlU7EDN4UgDuVRAbX
EB,spotify:artist:5dTfHslH6PS97tNNgDwYaC
CHO JUNG SEOK,spotify:artist:0MU0Hxwaz1daT4FVqx3Smz
JUNNY,spotify:artist:0lgENJQUkqkDbpsTYEayOr
Ha Hyunsang,spotify:artist:1jK4qH2wAXqF8v64zvaGRb
Jung Seung Hwan,spotify:artist:7l8rOFwZFQ3G0sgZ7gjGng
Baek Ji Young,spotify:artist:3l0MJ9LCiBlMyOMaz485Q5
WOODZ,spotify:artist:6y9nlaoynxSvoTGY09Vdcy
CHEEZE,spotify:artist:6NdzNrBP8Jbhzp6h7yojht
SEO SUNG HYUK,spotify:artist:2ekjryTkSjbaj67KrqSQzA
박지원,spotify:artist:7sYsnmmEZ0vpNVoz9V7h3E
Chancellor,spotify:artist:0u06YeydlBk3awnk5KgdBx
Seol Hoseung (SURL),spotify:artist:74eigHxPC6nhip2jnAili4
Kang Seung Yoon,spotify:artist:2Ip3x4XtEEhlGg8qI146jL
XIA,spotify:artist:0ZHbYuRbvC4tWW0iOdybwi
Jang Beom June,spotify:artist:529ZdRwFoSKtQ0LPwKxGiu
Kwak Jin Eon,spotify:artist:4xQ4GjBomHvTRL1GO624zd
Kim Dae Myeung,spotify:artist:3wGGJ9tGwM6K2ZaLH7bLN0
Gummy,spotify:artist:0hRHbwZ0xSwfVHl4FTv7jq
Kei,spotify:artist:4s8EHPyZqEOYgOPwgpdhmc
SUZANNE,spotify:artist:0NMJPa0Btok67TyE8Vxngc
Kassy,spotify:artist:6pU8o91xAS0aWNjj06nQSU
Seo Inguk,spotify:artist:6b5YOokI0zlMhsZm2mKvsY
Lee Mujin,spotify:artist:4Xj0peBt3EZHbdF20JmdWC
김로민,spotify:artist:0eVnIPoshBg7n2moMSWqpI
KIMMUSEUM,spotify:artist:1NVRvV0KqaO7VtSaVQcm3V
Kim Yuna,spotify:artist:5jiscb6yxuu9hj4BoW5Wea
Hui,spotify:artist:4R0tSGcVRQ8ZXPzttU8mHy
Davichi,spotify:artist:62hxRLLbCSFJjf4jI9zapY
공민정,spotify:artist:5GDZW7Mq6UWsS8WIRaqk2Q
Chuu,spotify:artist:1q86WVZhETqii5kKjEwYuB
YOO YEONJUNG,spotify:artist:35cW62cltZjFaHCCWeax6v
Solji,spotify:artist:54EEMb9uR0v9PWoWtQhTEo
Kim Bum Soo,spotify:artist:20K5puLWHL28ckI4LjieDt
ID:Earth,spotify:artist:6pORiOGjtqK2ww7PBBQFRt
Huh Gak,spotify:artist:49vOeJAPxAz6YmVZPNM7ys
Ailee,spotify:artist:3vxvomaq8f33hJYZXEjK2q
OnlyOneOf,spotify:artist:0iQGSzpJ0G0lsugv8jsJHd
Simon Dominic,spotify:artist:57W9ikVc6O2wLDtmclSjvN
Jang Na-ra,spotify:artist:2ToVzDfnPIfgFiqkXbLsYN
Youngjae,spotify:artist:5qUAtC3NwSLYme4JqjlGfQ
BIBI,spotify:artist:6UbmqUEgjLA6jAcXwbM1Z9
Lee Jin Ah,spotify:artist:4SzO3ea2qcjg1uLyNJAWnM
Bernard Park,spotify:artist:53Yqe3arWNbYQCw4kk1Qmv
K.Will,spotify:artist:1XNC9ksvgXeD1xRJruSA5t
oceanfromtheblue,spotify:artist:76eIrOIqck4yuOhrYZGx3a
Kang Seung Sik,spotify:artist:6KQYNyGaP0jX300OaEdaY0
GIRIBOY,spotify:artist:2MtHuR0W2idZdF7x4wddqq
SOYOU,spotify:artist:3b4kLCI0ZJW47TFsNRqgCb
Lee Yejoon,spotify:artist:3GS6aA2KRewQL4VhUtIpet
CHANYEOL,spotify:artist:6jV25rzTKQ2zMgrqHha1V5
BLACKPINK,spotify:artist:41MozSoPIsD1dJM0CLPjZF
Eric Nam,spotify:artist:2FLqlgckDKdmpBrvLAT5BM
Alesso,spotify:artist:4AVFqumd2ogHFlRbKIjp1t
SHAUN,spotify:artist:72nLe76yBFSlP6VBzME358
HYO,spotify:artist:3U7bOaJLuFkrmDQ1C1OqKl
Whee In,spotify:artist:0BqRGrwqndrtNkojXiqIzL
Henry,spotify:artist:1sjw4xq2pAWy5Vdgba5QAt
HEIZE,spotify:artist:5dCvSnVduaFleCnyy98JMo
WENDY,spotify:artist:0FRUZvZNPzM3YJMABJxf2K
Hello Ga-Young,spotify:artist:1yewRvlKGWmNRHOSGgiRRo
Lee Soo Young,spotify:artist:6GrRqCT2aRWjPMUmPY8oR5
Kim Sung Kyu,spotify:artist:56mV6FhCrg12O6mOTLxo73
Crush,spotify:artist:6aLdhHUqgdKE86xbtNmY8g
KIMSEJEONG,spotify:artist:1lFLniFTaPjYCtQZvDXpqu
CHEN,spotify:artist:0UEP2XBR9aC5NBKcAKnBIq
DAVICHI,spotify:artist:4z6yrDz5GfKXkeQZjOaZdq
V,spotify:artist:3JsHnjpbhX4SnySpvpa9DK
JEONG SEWOON,spotify:artist:2l9aF9jOgB7GI1uyNkx836
Suzy,spotify:artist:4U80LJd8sG6U9YTFP5izka
Zion.T,spotify:artist:5HenzRvMtSrgtvU16XAoby
Paul Kim,spotify:artist:4qRXrzUmdy3p33lgvJEzdv
Dvwn,spotify:artist:6WWUJGBY4ETAE22tRmgJ8b
Lee Chan Sol,spotify:artist:7E09MibBCbxOQjZDdCx6q8
Eddy Kim,spotify:artist:1sVSMPPNMMSZ7cQNfbvMOe
10cm,spotify:artist:6zn0ihyAApAYV51zpXxdEp
Kim Yeonji,spotify:artist:220c8fiYAk89nqAgw4x4z4
LeeHi,spotify:artist:7cVZApDoQZpS447nHTsNqu
O.WHEN,spotify:artist:7f5OHScUwC0ZKZzma5mMxq
Gaho,spotify:artist:3ybZTNrlK0QhL4rBxfLHOc
SURAN,spotify:artist:1mORehSVEd7lcaT2d7Sl2K
Josh Daniel,spotify:artist:2a2d2tEf1DleP1l10YZutF
AILEE,spotify:artist:3uGFTJ7JMllvhgGpumieHF
Kim Feel,spotify:artist:4EPYWwU4c8eG2GzD7MenUA
Shin Seung Hun,spotify:artist:4xgRWQOK2y3pGRFtmWNjyw
Hyolyn,spotify:artist:78sJswwVn4P8aEhkF4K6fQ
Jooyoung,spotify:artist:1vct46rBqLNRbE9wCibXUH
Jo Hyun Ah,spotify:artist:7aVeZFWXIC3g4b0Tn68ZtI
Seori,spotify:artist:2bWTIIQP9zaVc55RaMGu7e
DPR IAN,spotify:artist:2o8gT0fQmFxGNbowbdgeZe
NIve,spotify:artist:1qOPo6b0U3t7BpyO8Ti1MF
WONWOO,spotify:artist:3rHcBT06Vb1XGVUWhDALZt
Mind Combined,spotify:artist:2gtnYkPVIYBehTHQPJa8QD
slchld,spotify:artist:33crDRqANd3NQHJagZkQ7O
JOE CHO,spotify:artist:7cvx4BWUCi18EeMxvwc9aA
Raiden,spotify:artist:4YXNoMVTHRt01jYaKXTumJ
Jamie,spotify:artist:2YXlVLKq3X3soXd2aXUtIT
Jimmy Brown,spotify:artist:5YPCpDIPOY4WqY9Bqdw4Uc
Yerin Baek,spotify:artist:6dhfy4ByARPJdPtMyrUYJK
Moon Sujin,spotify:artist:36MQil20hjOpG5f52NQ4du
Soovi,spotify:artist:0YM7bNxtt0VzccYf1UG2G8
Colde,spotify:artist:3VQDqjQ4wJyw8PzpGdlZpB
BUMKEY,spotify:artist:3vhZuZdMksbnJwoE3AwpXq
GroovyRoom,spotify:artist:29HqjVbJr3vsc2l6BTI4eB
Dept,spotify:artist:48JtfAggQQpfUXQNxkGm5U
Junggigo,spotify:artist:6zTIxEXFWjoNu2VXauDITb
CODE KUNST,spotify:artist:4WnO2VmlwdTX77ANsThWLQ
sogumm,spotify:artist:50x9jHrP6wy9fo3jK5pNqS
GEMINI,spotify:artist:67IWlRdLy3UcfY3q968euj
Hoody,spotify:artist:7lXgbtBDcCRbfc5f8FhGUL
YUGYEOM,spotify:artist:3ohXmy1PGdB3XgzhPqQ0tY
DeVita,spotify:artist:5PS3ZZE5bBiZ3Ct9HiRG2B
KATIE,spotify:artist:2nDC4PH8XE1gHeeAxVLXRO
WONHO,spotify:artist:6pC3vnUgNVITdYMMXefi6D
JENNIE,spotify:artist:250b0Wlc5Vk0CoUsaCY84M
Chymes,spotify:artist:2aenOcvulZ1Zltq7bAdbi4
CHUNG HA,spotify:artist:2PSJ6YriU7JsFucxACpU7Y
Hwa Sa,spotify:artist:7bmYpVgQub656uNTu6qGNQ
015B,spotify:artist:4uU7KfTjcjyKUGWSaTzLu7
MAMAMOO,spotify:artist:0XATRDCYuuGhk0oE7C0o5G
YOUHA,spotify:artist:2lZFlNiQMLa2fuX3pkXcan
IZ*ONE,spotify:artist:5r1tUTxVSgvBHnoDuDODPH
SOLE,spotify:artist:6naXFodImN2DwRmKCQHAUt
SUNG DAM,spotify:artist:1JdJprpKvNgqBLGSDrMsv9
Jang Jane,spotify:artist:41QP3s5kY0UroKcIeASAMY
OuiOui,spotify:artist:11BHuhJ2jEMPNJ3WpwZVT8
SBGB,spotify:artist:0Xemods2DGcYQi3sqxtHBO
YERI,spotify:artist:4xzwjGxzfKglU0cNW4q4l1
Motte,spotify:artist:4bh77HBBwCekmEPcbXAljy
YESEO,spotify:artist:3ZjoQ5yuRyPhZSIw5nCVBb
Tako & Jhyung,spotify:artist:6huvFAFxwU9XqklbnG2pGF
BOL4,spotify:artist:4k5fFEYgkWYrYvtOK3zVBl
saevom,spotify:artist:4GAVUIrGNz35VbCFfHTsca
SAAY,spotify:artist:2pvCf5g7XBReiPIvcq7W18
KASPER,spotify:artist:6N8Wyy7G86YTHz3oIaJZjO
Girls' Generation-Oh!GG,spotify:artist:1foL9hLC9M6U94dINtOYfb
KWON EUN BI,spotify:artist:0qr7Rhj0yU7BPySYecNUlm
BTOB,spotify:artist:2hcsKca6hCfFMwwdbFvenJ
CRAVITY,spotify:artist:6FkhUhUwSPl3mGB6mmE8wn
MIRAE,spotify:artist:3cI5n4TdsnqzKxYPkQLs4b
777 (Triple Seven),spotify:artist:1Y5rgGFlx3ws6zMNoqxa4G
Bz-Boys,spotify:artist:73FA33YtQWdPuswF6u7u4D
BDC,spotify:artist:3FgebbL1Lp8wynkXgtscfd
J.UNA,spotify:artist:7oppHhvVWHX7WeGYjEOL6y
PARK JI HOON,spotify:artist:0tBYMeHDDJCzRuREuCTWi7
GRAY,spotify:artist:3kPEBSt7qgVoRZSbIXMr7W
ONF,spotify:artist:0eEhOgZ2x6kv8kLz77WO7b
T1419,spotify:artist:3uT0R5PsjP0k7NJ565Nqs4
VERIVERY,spotify:artist:1fWUcRSok57yRm8gPKj1Fc
LUCY,spotify:artist:4eh2JeBpQaScfHKKXZh5vO
Golden Child,spotify:artist:5zShiwTHlygdfsXj6eavTu
Jinyoung,spotify:artist:0cA67OQaC4zDkxvGmWqKu7
KINDA BLUE,spotify:artist:264XvBSD6pFn1eDvWSWMI8
ONEUS,spotify:artist:3CVYSpM7nfHFG5qCTW7Ht9
CITI,spotify:artist:18Ddi2iVxvOlH08AZrP0PE
KIM WOOJIN,spotify:artist:2jAhpp38AMZvTHud2OJbvM
Moon Jong Up,spotify:artist:3I9hRYYNJvENa3EcJ6c5cd
LUNCH,spotify:artist:2UVzzx3MOPYV3l6xW2lzBv
Haeil,spotify:artist:4XniA4dwErLgEX0LmrWEgC
Vincent Blue,spotify:artist:2AZgVjkPB4a4ULepFyPPgZ
Eldon,spotify:artist:04GW9HXt9A5aPSNIVBf6m4
Epik High,spotify:artist:5snNHNlYT2UrtZo5HCJkiw
Martin Smith,spotify:artist:3ISWX9gKLGkhlgS5AhvlTd
OVAN,spotify:artist:4FuRHFtCeoYaeeVDKyyvbS
Jade,spotify:artist:2EmcKC5wA38PKb4ue4ZzbE
MoonMoon,spotify:artist:1LOeaOZCreokgQaauWT5rV
Sanchez,spotify:artist:5DgeoLBuplcPMYCveVnlbf
LambC,spotify:artist:0BpbTGO68X4wV2aLBzjnhL
Cosmic Boy,spotify:artist:305pg6Bs6Mz9Tm2zK66psY
ZICO,spotify:artist:4XpUIb8uuNlIWVKmgKZXC0
Krr,spotify:artist:2wCEpu2tMAildqH0BrJNT7
GSoul,spotify:artist:4oEXworvhegyK83rZwVyWL
Airman,spotify:artist:0GTBwQZcSJid6l5iwaWQ8E
Blue.D,spotify:artist:0rK0ZPLX4fKnFSbqs6gYfY
softy,spotify:artist:0wcen0V8FgQu6xYupnZMbB
Austn,spotify:artist:4R65InJeiLYNmwZdyyBY8i
John OFA Rhee,spotify:artist:7iWynR4oOvJpSKOAR3zazP
Rain,spotify:artist:5L4EafeXwZ0stGuPtGr5Tz
Stella Jang,spotify:artist:2Y9AUayH5pyZpVfkDYDfJV
frad,spotify:artist:1XLYJ9VzlgEpBdlkC4MhOL
Crucial Star,spotify:artist:4vdAgNz4vrUZVvS0CaVvGJ
Rothy,spotify:artist:0jUn8CXobOt0IixyR72una
ØFFSHORE,spotify:artist:4D1yVc6ltwIZHxxNPBe552
KAI,spotify:artist:6iVo62B0bdTknRcrktCmak
PARKJIWOO,spotify:artist:0NuBvSQbbZW2NL9cwbnpER
Night Off,spotify:artist:0MrJIVLnVbubveFG4zSy88
ASH ISLAND,spotify:artist:7IEhlwWQA7pCkEvzwwHehE
Jukjae,spotify:artist:7bWYN0sHvyH7yv1uefX07U
Saya,spotify:artist:0Twk7swVpScH341g40BIbO
M.O.M,spotify:artist:0JnspQOKIcEUcw8GWSIqtn
LABOUM,spotify:artist:4iO5uKMUphLqQ20TfrdZx3
Wonstein,spotify:artist:5o615XColiSVMPDWlslKSk
BamBam,spotify:artist:2p48L95TwEaYkSdn6R7LOr
DAY6 (Even of Day),spotify:artist:6uAlmplr9znkwaYj3ysgLd
HyunA,spotify:artist:3UwlejyX2b458azZ7eCnHb
LEE SEUNG YOON,spotify:artist:6z4R3mCiiIiLgpicseyNkV
PURPLE KISS,spotify:artist:62T5PGHWJ9sxP2SJq20IHq
Red Velvet - IRENE & SEULGI,spotify:artist:6bwp9ObI8FWvMPCIWVBmhl
(G)I-DLE,spotify:artist:2AfmfGFbe0A0WsTYm0SDTx
fromis_9,spotify:artist:24nUVBIlCGi4twz4nYxJum
DIA,spotify:artist:5Pcx98OUnL52aGZRRQx5v8
gugudan,spotify:artist:0h7XZWgoxlY49uSUj7MVRY
Apink,spotify:artist:2uWcrwgWmZcQc3IPBs3tfU
WJSN,spotify:artist:6hhqsQZhtp9hfaZhSd0VSD
Lovelyz,spotify:artist:3g34PW5oNmDBxMVUTzx2XK
NATTY,spotify:artist:1Y3klzPXyHrinIk3tQ20Se
ELRIS,spotify:artist:1mgzY8CsK8lyJy96tT8bV5
UNI.T,spotify:artist:3iui2F01zrPbNx91td4LJZ
APRIL,spotify:artist:4cJ99wTjC60pXcfyISL9fa
Live High,spotify:artist:4Xbz8MwFw2jAQzYKZpHZ8L
Nody Cika,spotify:artist:2pETIGvbFcdUF0CnODpycj
LIGHTSUM,spotify:artist:57HNdw2ObRmfwWHG8Xhs8t
B.I,spotify:artist:0UntV1Bw2hk3fbRrm9eMP6
SuperM,spotify:artist:5BHFSMEjfLVx1JwRWjAOsE
THE 8,spotify:artist:4DqFd6XE3dX4LWXHJVVpLk
Robin Packalen,spotify:artist:4Q4b4S784htx6DtxcMUfMO
The Black Skirts,spotify:artist:6WeDO4GynFmK4OxwkBzMW8
Saweetie,spotify:artist:6cK3NBO6uP7hh0oyuVELFl
Lolo Zouaï,spotify:artist:2qDIR2WlcW3llkGqJWg9VJ
MOMOLAND,spotify:artist:5RR0MLwcjc87wjSw2JYdwx
MAX,spotify:artist:1bqxdqvUtPWZri43cKHac8
Pentatonix,spotify:artist:26AHtbjWKiwYzsoGoUZq53
Ed Sheeran,spotify:artist:6eUKZXaKkcviH0Ku9w2n3V
Lady Gaga,spotify:artist:1HY2Jd0NmPuamShAr6KMms
Jang Keun-suk,spotify:artist:3OOtuve788y64B4qKtZoci
NCT 127,spotify:artist:7f4ignuCJhLXfZ9giKT7rH
Masked Wolf,spotify:artist:1uU7g3DNSbsu0QjSEqZtEd
Ben&Ben,spotify:artist:4DAcJXcjX0zlQAZAPAx4Zb
Jubël,spotify:artist:4FcZfItjVIsfO9TynErl7X
Armaan Malik,spotify:artist:4IKVDbCSBTxBeAsMKjAuTs
Peggy Gou,spotify:artist:2mLA48B366zkELXYx7hcDN
Rocket Punch,spotify:artist:4hozqATxbpy9TwKWRT8QVO
Boyz II Men,spotify:artist:6O74knDqdv3XaWtkII7Xjp
Sezairi,spotify:artist:51sob9QZyfLff9XqvYluN5
Jung Yong Hwa,spotify:artist:6zhAP0FoDccL9kuETOC20q
AleXa,spotify:artist:4jCGRzuZkwo8CxboiANMEU
KYUHYUN,spotify:artist:0il5ZP3xYOECtONJtZ38Ln
Sung Si Kyung,spotify:artist:7jFUYMpMUBDL4JQtMZ5ilc
Punch,spotify:artist:2FgZrgTMX6Sk0VNcOsEPmm
Sandeul,spotify:artist:2QeJBmgBdpH4i3uJns5Rdx
PARK BO GUM,spotify:artist:3wkl0GrYTJjWoTmGAJRosv
BEN,spotify:artist:0bDdOBGVCFVt0f8N9ldW1k
BIG MAMA,spotify:artist:34SKCchNLFzBWclGa6l6tQ
Lee Seung Gi,spotify:artist:12AUp9oqeJDhNfO6IhQiNi
Parc Jae Jung,spotify:artist:7kXQtwn3ZRTBc8JYNyGwQy
SWEET SORROW,spotify:artist:1rwig4pRfLrj3scq9as1Mb
Lee Seung Chul,spotify:artist:5Ecf8RR2UWFAvyeItabffF
Lee Juck,spotify:artist:0pfVDTchnVMBTzGylIuJNa
Shin Yong Jae,spotify:artist:2frFGmni9tkRgXYdXmzQvR
Urban Zakapa,spotify:artist:1dOMFM5wDNsENQQW0nl0K8
YUQI,spotify:artist:22aCD8IrQZjcPgZw728QT6
Girls' Generation,spotify:artist:0Sadg1vgvaPqGTOjxu0N6c
BIGBANG,spotify:artist:4Kxlr1PRlDKEB0ekOCyHgX
SUPER JUNIOR,spotify:artist:6gzXCdfYfFe5XKhPKkYqxV
2NE1,spotify:artist:1l0mKo96Jh9HVYONcRl3Yp
Girl's Day,spotify:artist:13kJgvU22LHMsJtGWLmx7W
miss A,spotify:artist:1BEohdSWSBggmO979tzRwW
INFINITE,spotify:artist:1bkpTEmumLC3xc7HgMsttU
After School,spotify:artist:1loWI8jVk9btgJXHgqHXPD
Wonder Girls,spotify:artist:3Cv2vi3WTl8VZOTdrBkKdM
KARA,spotify:artist:7aZ221EQfonNG2lO9Hh192
TVXQ!,spotify:artist:6nVMMEywS5Y4tsHPKx1nIo
SISTAR,spotify:artist:2wTLheTmMcFCA4hdY8hZJP
BoA,spotify:artist:4muJrGMndyYWqZtfk8OWy4
CNBLUE,spotify:artist:6dCz3spfpIvqqqsIoP6wXi
f(x),spotify:artist:3wRA5UYoo08BBKJnzyKkpF
2AM,spotify:artist:5SnaL8SsjGMHQNyqpa8Zos
SS501,spotify:artist:6rmMpoeu2SIV4OLURCOn2e
SE7EN,spotify:artist:14yLuCwlBqteUdBqx9soJV
G.NA,spotify:artist:3hzcooxMtbApMTvvn6XKVA
MBLAQ,spotify:artist:14f1WN9TUDVBK4sHUStmLG
Brown Eyed Girls,spotify:artist:2GEPtT5RDxrmdi0A4mbDi7
Beast,spotify:artist:1Pr9gT0veB2tgcisQeIGoC
TEEN TOP,spotify:artist:3offPqpKAKmpQkIdWnjzkc
Secret,spotify:artist:503DjcVO5Ku1NgLPhVuNg7
B1A4,spotify:artist:3sxWOFw4MSN54SIQ8np6iG
nijuu,spotify:artist:5DOwMhG96lFhlPpNG9oaWW
Jiwoo,spotify:artist:51FKMPw06mntCaz6yO6ddg
라라 Lara,spotify:artist:1FKYTUBCKMWh2JDdYdWObW
So!YoON!,spotify:artist:7H5EC2qaylGun66YeRrVHg
OOHYO,spotify:artist:50Zu2bK9y5UAtD0jcqk5VX
O3ohn,spotify:artist:3ZPELd2uCgchQqhLgvrDrI
JANNABI,spotify:artist:2SY6OktZyMLdOnscX3DCyS
ALEPH,spotify:artist:2ncTglxMHKmCzBKckfzOEv
Dasutt,spotify:artist:3txAiGYUmI4p84stqOoi1s
1415,spotify:artist:71JjZRW0sCWpF1EuaS9TQA
Standing Egg,spotify:artist:6a3Mfrn2XBR1DfPg1QGa1d
ESAE,spotify:artist:573hBKu7MUNNUbp0OKhuRr
Sunwoojunga,spotify:artist:04L3elxyr0XFua2Ek3domW
pigfrog,spotify:artist:37sRcX6lbXm3LbG8IHPTkB
92914,spotify:artist:0Zoe6ljAJo85rggnN6OaOF
Han All,spotify:artist:4y2MA188txnWeMIw9XwaJS
Minsu,spotify:artist:1o13ZguNtAOcOe1k0chkta
Ku One Chan,spotify:artist:6ClAFFqc8VEOKSGTrvy8V5
ADOY,spotify:artist:64sY7LsUjNE3ifONkftTXC
Juju B. Goode,spotify:artist:5PLxgBMZxMf8px0EfhgOiY
O.zic,spotify:artist:3CAnNFqNZE11RKX3743MfR
youra,spotify:artist:5q9adPv91NFr8q2ZcKmX0V
Sunday Moon,spotify:artist:6hyHuSf5Ft5jkSCmTg1RNn
HAIL,spotify:artist:6ay9YyFyAgf6eORHdLKKDf
SE SO NEON,spotify:artist:07OePkse2fcvU9wlVftNMl
GON JO,spotify:artist:613hMXfJTCI4y3HKdWiLvC
KYUL,spotify:artist:10LaysU4hUTEGtWwC0Zbrm
Haze Moon,spotify:artist:5qWj6gxjgEq3Ut7QKG1Wjd
Risso,spotify:artist:7zXv0fZJFxrDkYxAtWxoGM
Sentimental Scenery,spotify:artist:3tAtWjLnNyZqmvfLx2dDJ7
CIELOGROOVE,spotify:artist:39Bud6jG9IdSbnZAx9ERUd
The Orchard,spotify:artist:6w8vEVxqF3ilGHbjTWgTKI
Xydo,spotify:artist:0vcbn6MqAvgM8Gh6wh8d6X
Loco,spotify:artist:2e4G04F77jxVuDYo44TCSm
amin,spotify:artist:05FbaV2QkbVQoHri4l491N
DINDIN,spotify:artist:63cvWayCvPbWYNDi537w0z
Harryan Yoonsoan,spotify:artist:1yiaSLGVlq43ZC9pFLQ8lQ
Mad Clown,spotify:artist:0dX6tgZKWpamoFHFuXFhwd
Seo actor,spotify:artist:0Xdas0Cm8xqrnjUKIb6aLF
눈,spotify:artist:4JSbAMgMvf4Y9Xv9FVqEHd
SUNNYSIDEMJ,spotify:artist:50hc5LTdbu0RKvf8IuOrLq
Sunmin,spotify:artist:3tSqvuC6jIIo8rmiurd6ny
DANWU,spotify:artist:3hqxXifdUAzAQIKdKqda6t
Yang Da Il,spotify:artist:5DnjOSzLCfn4hDbLECq8pt
Sophiya,spotify:artist:4rmlD2kScuttioQsraasZn
JONGHYUN,spotify:artist:5rGgflnIpRNizTCozbYBuY
Kumira,spotify:artist:1Ntydb0DmiKZ4gs185CpoK
Youth Library,spotify:artist:5dXZbHN0uyD3Ds6lnJW1uF
Lee So Ra,spotify:artist:58BWh3yJrluDugLv0QF0eC
Hyun Su Seo 서현수,spotify:artist:3ePjwkgLZhd0HDpqXxSfmp
ROCOBERRY,spotify:artist:0Mt9IxntWHsf793bLZhQ9P
Microdot,spotify:artist:1ToWoFmtIc9NTPFy7lR690
LOONA/yyxy,spotify:artist:5JPKwLsHGaPIlxqHiF29e4
LOOΠΔ 1/3,spotify:artist:4u9YxYzCjpMjnMcwNu9fzy
LOOΠΔ / ODD EYE CIRCLE,spotify:artist:5KPaeBm0fVfCSZLydp9jdy
JinSoul,spotify:artist:1rAZr0bwMTcobwrOFHhfJr
Lim Jeong Hee,spotify:artist:6VDMtQjKKIrMJ3bog4MdaJ
Lee MinHyuk,spotify:artist:2KbxyNY5Dt6CJ6FBLcWfkH
BUMJIN,spotify:artist:3vljSA6N2aSE8U3OhNFkPy
Hoons,spotify:artist:3X2dokSZmyl37QiosBQ6cR
MEGAMAX,spotify:artist:7r6yXK0zPV5XnOQWxnNq5O
Meaningful Stone,spotify:artist:7EVlq3yUVHbHZZsaYSOcXt
Esenswings,spotify:artist:67ICWYjVw9FMMk5k6V9hTl
SUNGMIN,spotify:artist:2O46GIp2cr4sZaVPcP0ket
HA EUN,spotify:artist:7BYHne6KtWNlbJnjZwLLRW
20 Years of Age,spotify:artist:0KaZcu3pEVHfYOnB62eLFp
Lil Poet,spotify:artist:7qpuzcCwGOgZ2PZdJEwTvM
Kim Addict,spotify:artist:2egBIYU5zJpYuuLkTllux7
이수호,spotify:artist:7lBTPuykSETKIYL6JYjSHP
MOBULL,spotify:artist:2dUb242awr3jgCWzaEktgc
DEUL,spotify:artist:2YmGeFB53OtlKStZWg05Hd
21univ.,spotify:artist:52FGfGmeJ6UTKcPYGRWo4i
TAEKWOO,spotify:artist:5Zu4Ot9NEWCHZ8IP7poTDw
Lee Min Gyu,spotify:artist:1KYVgdOZ790KbVfDoa5WcZ
YOON SEO RYEONG,spotify:artist:2maQKAbJgtsZvM7kc97OUO
Hey Dali,spotify:artist:2xz6DsFn58ioKu4Qgi2WT3
마진초이,spotify:artist:7izoHMbqOs6G3sYCFEkPrN
Uza,spotify:artist:2i1YHJ5ulcVQJt6zNLeSkL
Jung Chang Yong,spotify:artist:2lABrhldkvDYdYbpN33Fyx
KIM KEE WON,spotify:artist:2n7xASWtcKq7SfjMdBrScV
Jung Whale,spotify:artist:4eMT1AZradEAjHJefaqQ2c
Marco,spotify:artist:2ICc0GizInje0MEB4tSJCh
Ferry Blue,spotify:artist:5hoabnM5gbywbrTEKiHilf
DAMYE,spotify:artist:4ONpnuHm5fPmO8i0YsMRrR
BÉBE YANA,spotify:artist:6ozuxhSx8Ci0o8tPpgrCT2
ANTIK,spotify:artist:6NMAga3wPgJVBpsNbEF79w
신현희,spotify:artist:3vd412swJreRPEn4cyirZQ
BehindtheMoon,spotify:artist:4BHjuxRl1cKElPbo12BODO
Potty Monkey,spotify:artist:4vy6l0BczucI2I2ax6tPhO
General SSO,spotify:artist:55V6c51gbCNG3tsVr7DzcU
유희,spotify:artist:5QN2oWtqarYnmunUb2kaCK
SooHyeon Cho,spotify:artist:36pNoSlqToygNwVawwrUYy
Gari,spotify:artist:1EGnOaXcfIJdGXdfOxxgn4
PAR,spotify:artist:1CU8XgfpL0uNU3p8FEK7eS
김연경,spotify:artist:0UQjDeZcuQM0OgBpLTAF4U
ILLSON,spotify:artist:1o3mKG33qvuXI2s3HXTkYd
Team P NATION,spotify:artist:184xNC34M7C3UatEyPVKdH
I.M,spotify:artist:49tkHHS0mXwa5eLYvyvKyd
TAEWOO,spotify:artist:5aPl0S4RS3C1l05l4RU04x
NavyQuokka,spotify:artist:0NboRG7IHfknCcdBSdIrxW
Sujo,spotify:artist:7dMT17CQ6YkJHCclJRTWx1
OV,spotify:artist:4KcgbqjaXrAyWnwFoVdhmA
ZINDO,spotify:artist:1mdCLE4Ruk49Efe2cHeLKe
A5ura,spotify:artist:11W6comY60T1Xh5kawM8p5
REDCHAIR,spotify:artist:3MnHBkcaNHC0OHkS9uPzt9
ZELO,spotify:artist:2N5L6zU0bi3q8AdJpNW1z3
Yoo Yongho,spotify:artist:09KhASZtvdEFtvAjrBeS2Y
Shin Mi Rae,spotify:artist:15y3pbf42yIqdHOZEHJiCQ
Yucherish,spotify:artist:0zLRzYNKtfhwaCohIN4Ttj
Melotic,spotify:artist:2O9yKxcDexzQAEtFvaK4ft
Doorlesshouse,spotify:artist:0SxSWgWdwhijvB7pMMRdKy
dontworryanu,spotify:artist:4J7xttlUKGwivslABAdsCU
Lee Aram,spotify:artist:3j0Q7sspsBVQm6SdlkqYp1
Lee Ki-chan,spotify:artist:06lmDAKbe4tXjN9m7bRaQj
John Park,spotify:artist:4mbvd7ZJ2goftjy1L33LiB
SONG JU HEE,spotify:artist:7kJY46aPgzdoIlDJbSvxzC
The Lime,spotify:artist:6h6EOVgNFYGIQ29hg4ZcjY
Common Ground,spotify:artist:3izDhSZzdOLssnzXtXkewv
래미,spotify:artist:3bLw56K5EXTpkLZZetCsEd
NELL,spotify:artist:5WY88tCMFA6J6vqSN3MmDZ
Tabber,spotify:artist:4CYjITN8Au3K5CWFeex7fU
Juho,spotify:artist:4iVd8OOKGx0eT2Uo2nEpfH
LEEYOUNGWOONG,spotify:artist:6lA59rirEDW0rZFUV0TfCu
FiNE,spotify:artist:6vpGC7kvvRyfc3VkTdy8vX
UNE,spotify:artist:1gPI21PhFmfBqPP118h5rS
Heo Young Saeng,spotify:artist:0dRSpT2r3IopQbj3xcVrK8
Cha So Yeon,spotify:artist:3OmSRBBbXUGwj7MsMsgJpk
YooA,spotify:artist:4ur1jCwyNlhgd0viJkOtcQ
Jawsh 685,spotify:artist:56mfhUDKa1vec6rSLZV5Eg
TAEYANG,spotify:artist:6udveWUgX4vu75FF0DTrXV
DEAN,spotify:artist:3eCd0TZrBPm2n9cDG6yWfF
Wanna One,spotify:artist:2CvaqAMMsX576VBehaJ0Wx
H.O.T.,spotify:artist:5JrfgZAgqAMywJpLpJM0eS
SECHSKIES,spotify:artist:6uRyNreOHUvWPNGnKfIo27
god,spotify:artist:1nTCpd63NkuGGpCIbo4Ywl
Fin.K.L,spotify:artist:2aRLyjYp7WPr4EkjkI1gvS
SHINHWA,spotify:artist:0jVvkFPa6YbFXQ3Qmhita0
S.E.S.,spotify:artist:61HUG80Xma4rnXsqfZkzeM
Click-B,spotify:artist:2kOGSFThgEzPEjL4fFB25w
Baby VOX,spotify:artist:7H5LMtjHqkyH4U8dpLR4lo
JTL,spotify:artist:1QxDhdpQDAxevRaOWUDjPC
EXO-K,spotify:artist:6wPBIyIIMxoqgux29bGF8I
T-ARA,spotify:artist:1R52cwGf75yTf7I3Q0Irf8
4Minute,spotify:artist:6cdC1cwqh3eJAXaxXJt2jv
Un,spotify:artist:2k3wogLJyPnkEpb2pn3GLk
B.A.P,spotify:artist:6kxCoNfY6U1eP0Yc88phvk
AOA,spotify:artist:54gWVQFHf8IIqbjxAoOarN
FTISLAND,spotify:artist:6KhH771vq2X2Aom91nNzpZ
Block B,spotify:artist:4RnezwRV7VBJUCI1S0AE5u
Lee Hyori,spotify:artist:4FjoOJAndC0s9ZJUo6VGc5
Lauv,spotify:artist:5JZ7CnR6gTvEMKX4g70Amv
Dua Lipa,spotify:artist:6M2wZ9GZgrQXHCFfjv46we
Agust D,spotify:artist:5RmQ8k4l3HZ8JoPb4mNsML
K/DA,spotify:artist:4gOc8TsQed9eqnqJct2c5v
nafla,spotify:artist:3Zn6C68VCosoQrxu4D2Btr
Effie,spotify:artist:5PIWabZPdU3YWRMbvD5nQJ
DPR LIVE,spotify:artist:0siBQaURCli5wn2lqv8WZg
pH-1,spotify:artist:2u7CP5T30c8ctenzXgEV1W
PENOMECO,spotify:artist:1MAUqH0haKBYbjpknTfreY
BIG Naughty,spotify:artist:7cEaNXXTHx3LokbjUUyHal
lIlBOI,spotify:artist:25wMXkplvEHJpJHX8A6Ved
PARKHYUNJIN,spotify:artist:3xaGsC8Wew467UpEKhjXNZ
Primary,spotify:artist:4QDcs3XrA8uHUZ7Xt9Ytep
CHANGMO,spotify:artist:3hvinNZRzTLoREmqFiKr1b
"SGBOYZ (Jay Park, Don Mills, Loco, Nucksal)",spotify:artist:66bwuJTs2P6ygJTTmW53Cw
CAMO,spotify:artist:2YkhzcYyxJvtl5W6pY0PuF
Mirani,spotify:artist:6N7b9mUVwn885jI7RRg8no
Jay Park,spotify:artist:4XDi67ZENZcbfKnvMnTYsI
Owen,spotify:artist:5rP0axomfqfxm0QavWTdvO
YUMDDA,spotify:artist:0su5mZ6qhvOUhz7ckEx8rR
Hash Swan,spotify:artist:3yVEZNS0ateVfoj8FuazKg
D.Ark,spotify:artist:2UaheMCNCnN1CrrnZnmh3j
Heo Won Hyuk,spotify:artist:0GWeXscpEEsdOf9NqX0O0t
Sik-K,spotify:artist:5DIi2JWfQPTKffaVBlIYRn
P-Type,spotify:artist:7ngC61jtmmjDi2vbJRG3yq
MINO,spotify:artist:3ytV7vc4ZuwGgwaOuWvkk8
BLOO,spotify:artist:3ghCvruix2FYZ81DHRlOt1
plusNONE,spotify:artist:6Rxno1qKhluurvawF1JVtr
kanemochi,spotify:artist:2nG0yTmhewa8Ey0EhNTYqW
Wooks,spotify:artist:3l7GFDLQsdvNzHcLqTIXbt
YUMIN,spotify:artist:1Wbm8a86AGAgr1S71ZNn9i
YunB,spotify:artist:2Z7teNgQJnz6qUp8FmhEtG
E SENS,spotify:artist:6a8cUmqOsXmjzq1aWKiVpH
Uzuhan,spotify:artist:2KG9Jkvp7Y5wvaMjCcIu37
Skinny Brown,spotify:artist:0E0fq98DMHhkAgiXWpCViX
twlv,spotify:artist:7hKH0uNhhgWJCumCtKMYey
Coogie,spotify:artist:0IznZPMUyaPGdqfP4oqBja
Leellamarz,spotify:artist:79g2STpP2iV1xfgHuhrhX0
TOIL,spotify:artist:698zn8fEOIr1OrfqG4283S
snzae,spotify:artist:55l6wA0gGh2Y1OpE5lUYLc
Minit,spotify:artist:6TXbTOTnLFaF1iHywOaV1m
The Quiett,spotify:artist:2qI1pO64eYqGUiv1XTw4cy
Lil Cats,spotify:artist:5LaXV8vstuhyeMmNmPiMkN
Won Jang,spotify:artist:0qygfMwBnBWSto1ty1FmXS
Loopy,spotify:artist:3l9s67pOK4Stw9yW1wr0Bg
MeloMance,spotify:artist:6k4r73Wq8nhkCDoUsECL1e
Jero,spotify:artist:4ZT4Uk077lxYVzmVQhMLE9
Naul,spotify:artist:22oiFjlZPKJ1XphV2et1u1
MAKTUB,spotify:artist:0frNU3rG4ltOP4GNBA1g4j
Roy Kim,spotify:artist:3ErHVJMsxTq2lLSmnONBm9
Hwang Chi Yeul,spotify:artist:689wBe4v9rvHjdNB4JUgYq
Forestella,spotify:artist:4Phfy4o60wGqoPQFl5oCP8
JUNGKEY,spotify:artist:6fTEkjuuZ3hH6fdeBxxbA2
Lee Hae Ri,spotify:artist:7JE09i08qDhfHKd0rgFeEe
Oh Yeon Joon,spotify:artist:2OMtU3jMBn85TzviTIYU3l
Lim Changjung,spotify:artist:4dB2XmMpzPxsMRnt62TbF5
JEONG EUN JI,spotify:artist:7cgAZ03K2mMaWB70gwZs92
Kim MinSeok,spotify:artist:3CHn74oCO6xiThDGQcDMeA
Khundi Panda,spotify:artist:32wJE7JooXm59HxYhy7caU
homieduel,spotify:artist:3PpfvyyncoZ79IgYe0Uls0
Verbal Jint,spotify:artist:24sQuJhQ85ZygDG7sUVUxR
punchnello,spotify:artist:5enwJ9yOnKlCP91ov4Dqhv
D-Hack,spotify:artist:6Ycj4hhpz2nOfsYCU1gHqR
Han Yo Han,spotify:artist:0yHrFzi7dWriMWhB5XA99P
h3hyeon,spotify:artist:2VjfPlcTFJhQSe8ALJJ1dz
Swings,spotify:artist:6F5tPDq3TIduDv2ki6O1Oq
sokodomo,spotify:artist:23LskvW8ErKu8v1teU7xFZ
Ra Mi Ran,spotify:artist:72siRfnwioeRM5Szwha1TX
San E,spotify:artist:61MMiylth1injW39oZBuYB
BewhY,spotify:artist:1wsoV3RXPkxVz3PwsNRI5K
Lee Young Ji,spotify:artist:0Y2AcMPMpeuPXtPQGVvRBq
BOBBY,spotify:artist:7ieMQQDR0bdBPz572mtxwS
Rtee,spotify:artist:73AUXZbgPiHjPbv66nGVq7
DKB,spotify:artist:4DoedGw38ubJdAT1edFsIx
YUNG CHENS,spotify:artist:0Z0AJiUSevITizCeuWn5PL
Khakii,spotify:artist:08c5z2rVpcPu7QylOxQCFA
Donutman,spotify:artist:2xH4dYFMVhdOGIhgIWonbc
Kid Milli,spotify:artist:7IWshUcKfJyDWrbiF2XT8J
Claire Hau,spotify:artist:3mhfsEXzcPMT1WP4s6XqCS
Kim Seungmin,spotify:artist:31VffPWiL2AAwNIMODB9qZ
TAKEONE,spotify:artist:31jg46rtB7MyrVPXZATmsa
JUSTHIS,spotify:artist:0Ch0t9gI47Lkal71uQnmV3
Dive,spotify:artist:1FqFb3OhgJhXPOdg3Rzocd
Lil Nekh,spotify:artist:5DimH6eLRBfesct7V25Juk
Tiger JK,spotify:artist:11S00dFcvNvJahis8MTGMD
EXID,spotify:artist:1xs6WFotNQSXweo0GXrS0O
NCT,spotify:artist:48eO052eSDcn8aTxiv6QaG
AB6IX,spotify:artist:4y0wFJ5jmCUNRLZfsw1I7g
YUJU,spotify:artist:7Bu0r4MCDX3sbhcFD5IXyx
Jung In,spotify:artist:0CO7rEbHBtpqgY9QPYJgPM
Ha Yea Song,spotify:artist:4Kw6Puq72YDjXvVBrBkdw3
Bada,spotify:artist:18IwGkcIzn689YpIkzEKZj
Kevin Oh,spotify:artist:3XgMCDrTkw1mcmeBE48Pqy
Raina,spotify:artist:2lkUAt5tu0ucVOMFT9hYtg
Kim Na Young,spotify:artist:4dvmLXorXADxVq8EcySEWk
Lee Chanwon,spotify:artist:1XlyP7FKwWs9j8GTdk5m4k
Lyn,spotify:artist:1A6WCseWiK22oxqodg7vcy
YONGZOO,spotify:artist:4bpY9pKx3mCQXZFO4RqsDb
Nam Hye Seung,spotify:artist:1vOJqsD0H57xUKg9IcknD9
Song Ga In,spotify:artist:5t5zmsIdTDRqDeI17tilpd
Ulala Session,spotify:artist:2EFJSNZzGSfLXMfAaxbK2A
ONEE,spotify:artist:6qFD5SSrBTyg4aVi0EQEXI
ASHER,spotify:artist:6fXfmVxyO2JZJApAM38BKl
BIRA,spotify:artist:6EYGOF6cZKxAyiBwATdvBp
Grass,spotify:artist:3IAV4UlkGi0MzK0rEijrHi
J_ust,spotify:artist:6Jj218qsLCZlYHwRGbXEGZ
Chance,spotify:artist:4qtH69NwjHUulLj4verBCJ
Dragon Stone,spotify:artist:0psw89QmbwHJemhN1kqPLh
Lee Sang Soon,spotify:artist:2k5qXj4B0cMlBbLJOVQMUJ
YOONA,spotify:artist:6LCX99hubn8CejiUtMCyyk
New Empire,spotify:artist:5iVjA1Of8CIToe69eg3EUQ
ACOURVE,spotify:artist:0i9MWBqCpPeaJu6rJkrOoA
YELO,spotify:artist:2SIjieAwLcihB5fZ7HfHmD
Shin Ji Hoon,spotify:artist:0RpcAXbMHCcEEurjyHvuyg
YongYong,spotify:artist:4lgoUoPxqxjZMtN0raCBVK
,spotify:artist:0LyfQWJT6nXafLPZqxe9Of
South Club,spotify:artist:4ZVqQ5bLpSef3QmZP3gGnK
TransFixion,spotify:artist:6HpuWuyK8mHYcbFoxPbDg3
SUHO,spotify:artist:5zkf2Na8DKKJmtWX5Xrx3m
eAeon,spotify:artist:3ZSbXArE6mxOleJnsumK4u
Younha,spotify:artist:6GwM5CHqhWXzG3l5kzRSAS
N.Flying,spotify:artist:2ZmXexIJAD7PgABrj0qQRb
ONEWE,spotify:artist:4D9foUQxTrsS0w2BeyCD16
JUROKEY,spotify:artist:59TnLHZJYHwrk51oo4bbVC
Aalia,spotify:artist:5RLNUxUo4XUoT6YrkVvetS
wave to earth,spotify:artist:5069JTmv5ZDyPeZaCCXiCg
LUAMEL,spotify:artist:0GP1FM3P7XrmSNz1Nr29Yy
Roman Kayz,spotify:artist:6wMCLX99dfazjaH8QbnCrd
After Thoughts,spotify:artist:5Kt6MttjG8m2rlMdjA8WiA
Life of Hojj,spotify:artist:0wiFPe2WbdmTEbr2Knl4Cb
KARD,spotify:artist:2JhAlkmukNvarUpGhTFXUQ
J.Y. Park,spotify:artist:1TTx0YcbKUtJIZY1HEnh9B
PARK WON,spotify:artist:1XujSdsxykPhP3dn6HaT4l
AVOKID,spotify:artist:1pTg0Tbi7M27AnarCbdGzS
KINGDOM,spotify:artist:0p5Ot7c8cFHtS82hd1WBN3
Hi-L,spotify:artist:668EkqpqxR58Ww5mFGZucp
Ash-B,spotify:artist:78l5b6jXVHHTrRCzSx1ku4
SKYLE,spotify:artist:6P3aSKZZtsDE8GTMJVeobh
P1Harmony,spotify:artist:3JjvsPeGMbDJqsphe2z8xU
Park Do Ha,spotify:artist:6Mv1YjL5xpxbMLTgIqdgul
WEi,spotify:artist:7IkfFdVcI6HrRKuOO9NvX5
Yosi,spotify:artist:0aTsJMBvRZsEyP67xtOvgm
EPEX,spotify:artist:4e2umhzNHTSeQnSCWPN0uT
Owell Mood,spotify:artist:21PxLOZet5J6uX4uMfXUTA
SUDI,spotify:artist:2UNjeY1rdhEAozH2hZJigF
LIVIN,spotify:artist:06Dd5j7T4jBRlFPjllCQih
PoshGirls,spotify:artist:73IN3YaDfUtWLXk1uGUxwv
Hannah Jang,spotify:artist:3cWtiOT7kvkAsISTRp1eK8
SECRET NUMBER,spotify:artist:7qxo9RTWfEoFKN7XGtNV6V
woo!ah!,spotify:artist:7mgY992t7YTx6UELsoIMRa
Queen WA$ABII,spotify:artist:5FQWaF32sJ8rXb8aPcj2VI
JUST B,spotify:artist:2f0bPttugNpkg34HIxBIWe
DRIPPIN,spotify:artist:5IVacR5tKgTu9HotcG8kkl
CIX,spotify:artist:1lHfzEkKmmvdVDDDLKkcsd
Second Aunt KimDaVi,spotify:artist:2XrCYhwuq6x15QFddD1gQv
Hoppipolla,spotify:artist:6tuuLiMw18vnZB8hJaodJc
Kyung dasom,spotify:artist:6ye5C0aCtNApMSefJTzdj1
Highlight,spotify:artist:3T0fMfxYBU3q9oAUAdPIsr
KANG DANIEL,spotify:artist:5vGoWnZO65NBgiZYBmi3iW
LUNARSOLAR,spotify:artist:64XtE3KrOhSYaS3dX04kI1
WINNER,spotify:artist:5DuzBeOgFwViFcv00Q5PFb
Gina,spotify:artist:0yLJhwFVWO6K7sDah3PUdL
Trouble Maker,spotify:artist:0ztjVBmFk6OuHq6XBBwMI9
JUNE,spotify:artist:0HXCe7R2f1Us5bAW7ohMC6
The BLANK Shop,spotify:artist:1EpuNC9xipj4L0GbEz6RJk
Junggigo Trio,spotify:artist:6frZUtjcYrrKvl8qmjUgjL
Yoon Hyun Sang,spotify:artist:390z2RITWBFLpD6HTC5UV2
Sweet The Kid,spotify:artist:4qaGGZulMdVRK7uDgGAaNq
Kayla,spotify:artist:27t2qopeNua4hsIj3mYtoi
KEN,spotify:artist:08fiOzXWHTizuWGyS1dWu6
DAHEE,spotify:artist:3esENfTnYy40Cs650mMtyT
Realslow,spotify:artist:7luxe2wCwtDtkKSP8ZhPLn
BMK,spotify:artist:6Eu0E62DUJquPQIdgaGO5O
Narae Lee,spotify:artist:2BfdOTwtSqVgQlahK3cSO1
Jung Yup,spotify:artist:4WMs26vY2z4DWUmWnDVaYP
FLY TO THE SKY,spotify:artist:7rlMZAZYtRkjFg4HHhvYeC
Yoon Jong Shin,spotify:artist:0hW1muryuCdZLfjoLrUhnw
VIBE,spotify:artist:68ym0sOo7MazZxScbm1wtI
SORAN,spotify:artist:7eZGd0sv1TxpOwzyKc9P4R
YOON GUN,spotify:artist:15dggb3DQ4suwIfBmqb3nm
Arttichoke,spotify:artist:2d50bxrNeeo226v4VaEje9
Coldin,spotify:artist:5yB6Lu343nFLxCVugcgxoG
Darin,spotify:artist:3NeWfnkjhDK8umjBipcf5W
Lena Park,spotify:artist:7MNyflLAWpaH0EPw1fdORD
Neul,spotify:artist:5rtRatj0wvn1xhL7WuFUJA
D2ear,spotify:artist:46e3baMTsmabXSJD2LjVeo
Jungyoon and Hyunseo,spotify:artist:74VZH0ylIeQ9CiLAgPdYqu
Yoon Min Soo,spotify:artist:1BRBN3FGChQUlZW6QFDKfq
Kim Yeon Woo,spotify:artist:4vsTrZ8Y7nKqQM0BJQ6Dvd
Ha Hyun Woo,spotify:artist:5EXYPAGnOxvyTstoykxKd3
Janet Suhh,spotify:artist:5xhVZ42ABidt3DS9HJ5Uzm
KIM JAE HWAN,spotify:artist:7LdZwtnhfB1GoC9SE9tvyb
LEE SUHYUN,spotify:artist:6zfPiJgoaqNPHsW3fsUlBN
MIYEON,spotify:artist:779v40cWIJUUoIDtC1IGaF
Sohyang,spotify:artist:2TCV57G47ttyy1JsVyucXg
Isaac Hong,spotify:artist:4bST03NJ0YEysocK5AV1wB
Kim Jong Wan,spotify:artist:7ksQJtsXSRSrI5306UwIgH
Gaeko,spotify:artist:0tkHE1pQ5ZCgQb8WZ0ba79
JANG HAN BYUL,spotify:artist:21xf7LkTVZSGglUR8omzct
SEUNGKWAN,spotify:artist:0Vb2DjojEYsasFpc3aTZb6
Yun Ddan Ddan,spotify:artist:0fnx3yyvXH5E0UATpygzzt
Park Sung Il,spotify:artist:31UZpd5VtfqTlpuYLrUfe7
Monday Kiz,spotify:artist:24jJXZRz3aGvjVvZ4OoerD
Lydia,spotify:artist:7vF0OMb98Tc514WZDBJ6c6
XIUMIN,spotify:artist:5t0Js3X9t4wpgXGlaiTFe6
Sonnet,spotify:artist:2RtkJZ5bHvyy1g3tHxfv0B
GB9,spotify:artist:2QQUaQXZalrJh9JYTiVMkr
SinB,spotify:artist:0tZl5OAXf9jYXFmfRGejs2
Yeong Tak,spotify:artist:0qDHjPB7TJPxYaQ0CWMEU4
Echae Kang,spotify:artist:0reIv9BhOh8MRF71RuxHHB
The VANE,spotify:artist:2zWjCnsFalXdhQ2jxb29Hw
JeA,spotify:artist:2MAywDdMQALH4F3V2ZsQOJ
Woody,spotify:artist:7rUF1lXhru7N6ZPjxvrAsA
Lee Yunchan,spotify:artist:0nCYtEFtt1a9Ne5AHiSdDB
Orange Caramel,spotify:artist:2QHTtUsN6Q13w3QHdfRqsK
VIXX,spotify:artist:5BkB3rXc0qIdUtuEnhbK0A
RAINBOW,spotify:artist:7xDyxRXgFgOZhdtLtkYR1y
U-KISS,spotify:artist:2GB76Lm833jVI5kLvKEB7Z
LADIES' CODE,spotify:artist:4epPY1AW9lQeVUM1XaFiwi
Gain,spotify:artist:4R60A85t9mTZzCqJlVswuo
GD&TOP,spotify:artist:3e3oLJehq4vQl2H0FAJnvn
NS Yoon-G,spotify:artist:15EDMg4DaX49QQyxlBzC2f
Sons of People,spotify:artist:2xNpeMJT0QrDfs4CFHygYi
Song Ji Eun,spotify:artist:0D40an6y5Cv6sRzMGsRRQ8
MYNAME,spotify:artist:1Q8ON7PhIGhFtgbfzx13CK
BOYFRIEND,spotify:artist:2Pw8E6zZoeuksVWtyZPnzd
NU'EST,spotify:artist:1iQfn1B8V25iQoolQakyAZ
C-CLOWN,spotify:artist:5HBeCjZkFtwfLYD7X3kLwi
Evol,spotify:artist:3ACbVQlfUaW0Qm2DDe5T18
Roh Ji Hoon,spotify:artist:1prPVJQczG7kTTKCHFE2Rw
G-DRAGON,spotify:artist:30b9WulBM8sFuBo17nNq9c
Yang Yoseob,spotify:artist:1fwMtpwCEJovQuyxSuHcAd
INFINITE H,spotify:artist:6wG0oxTnYjwcjpdK3YRtR1
PRISTIN,spotify:artist:6VAphrHp0Oc88qg9BDaH9D
I.O.I,spotify:artist:6RKnXXyprPjhBdCvL802Ku
PSY,spotify:artist:2dd5mrQZvg6SmahdgVKDzh
SISTAR19,spotify:artist:5Q0U6ogBrMX2oxmxy5OTzU
ZE:A,spotify:artist:6lGfLCig2b5mvDTtsPSrb0
offonoff,spotify:artist:0dTj3SqwE8kPnCzyzvYzhT
Rad Museum,spotify:artist:6UdKtISMXYKSR8jcgtFePo
lofi,spotify:artist:0Ol1mhlclpCQlBUF8OPZW0
WOOGIE,spotify:artist:7C0lSOS41UnTbnF7bMSEWN
Holmsted,spotify:artist:4AETbFj8tCGWWDWLXIldTB
Wildberry,spotify:artist:1YQcUhWjs1NGWi24wLDkgf
BADROOM,spotify:artist:6njP39Dygk8WBwc7gR8Q48
KURO,spotify:artist:5fgP8B58gK5ImP0wcoyj10
Kim Jeong_uk,spotify:artist:1BqP8ZPk9adgbcmkoW7dP4
Nieah,spotify:artist:3uo7KLyxuiANGmwDocxMnw
meenoi,spotify:artist:5KuvNz7npsGeDJdk8QHMVH
CHE,spotify:artist:2xocK6HzC2vJZct6pEO5SH
BB,spotify:artist:4AsWfslaatLcNfRiK0RXX6
Authentic,spotify:artist:3m5V6rhUxNJv2XNsED6D9P
김예준,spotify:artist:0RNgISHByvz4Dn6g25BcT3
DAB19,spotify:artist:5UdyE3s0FtqyDMWNGkQvOu
KIMDA,spotify:artist:5ZXaFowVlaocwzO9pBF6jm
Bryn,spotify:artist:74r4YBm6qWOBKKF6MhVXVq
Kiggen,spotify:artist:1J79fhfblzZX0KFSgU9i9b
SMTOWN,spotify:artist:49VtaZvoqBgZHQxSqlCUyp
m-flo loves BoA,spotify:artist:68gI97RDfQskym4DCauxp5
SEAMO,spotify:artist:1txC4MvuCHFRrtRiy4cwnR
Kumi Koda,spotify:artist:2mGYHril2LuZodRtTX06BC
RM,spotify:artist:2auC28zjQyVTsiZKNgPRGs
DJ Wegun,spotify:artist:7p552gLGzaDKXB5sETgTEP
j-hope,spotify:artist:0b1sIQumIAsNbqAoIClSpy
EXO-CBX,spotify:artist:3Lz3vEN23Fw0hIelrYEzUD
CLC,spotify:artist:6QyO41KctzGc70mVaVnXQO
HYUKOH,spotify:artist:57okaLdCtv3nVBSn5otJkp
JBJ,spotify:artist:6VJXRJvRRyLv99RZbXJ8RO
Triple H,spotify:artist:1klFdLh3pak3eOtJP0styY
SEUNGRI,spotify:artist:20j1uz7iDOtIvIzCr5S8nx
NU'EST W,spotify:artist:0gdWU9IX6LIiuPvXh95pas
Yoo Jae-Ha,spotify:artist:2Qrs21XiQMxkddRognIjGC
Kim Kwang Seok,spotify:artist:0Sr5L3iWPn0k6KnDr8RYS8
Kim Hyunshik,spotify:artist:5tYHIUOTcoDw6xMUkLEtzv
Lee Sun Hee,spotify:artist:4ZQVfuvon3XnGYkjTSey1O
Sanullim,spotify:artist:04cr7qH71klBu2x9H7c0Iw
나미,spotify:artist:50h2tBXWxIdL1ol9zowwyp
혜은이,spotify:artist:0wpePehw25BtABst49wTMa
Towner & Town Chief,spotify:artist:3Qm5uwdUYz6Bz64XOqsiYD
LEE SEUNG HWAN,spotify:artist:6LPV5KZBc1zBjX8AFZ2WWY
Deul Guk Hwa,spotify:artist:1sgkTCF42JGJUIaBP68n6H
Lee Moon Sae,spotify:artist:2eVlgLy3Aym09gM3dqx6cq
어떤날,spotify:artist:1DfZ34LYlp8Q1VWSgDietf
황치훈,spotify:artist:1KlbpZyhUiiO4EsvJiguwE
Byun Jin-Sub,spotify:artist:19TSeYJNZVClzoWb6hUVr7
Kim Hyun Chul,spotify:artist:39Jf69SNjTiIQfCQyLh4Gb
김수철,spotify:artist:0EmfHeitNJW1MjPBVvy8uR
조정현,spotify:artist:2WTpsPucygbYRnCnoEUkJQ
이정선,spotify:artist:1ggPoV0kiW23ufNRy5AyrV
Yeong Rok Jeon,spotify:artist:4ekyRk7LiVxyzIlpRkHVqU
김종찬,spotify:artist:1j9e2bHfflVpMVW77MGWR4
따로 또 같이,spotify:artist:5xwMG3oq16KjZGGWHLeMNH
Shin Joong Hyun,spotify:artist:4cFsZrYUW5rEHhT1IrYXag
은방울자매,spotify:artist:7bSbVUfkQBYgjK0G2Q6cMP
Yang Hee Eun,spotify:artist:0BD74hBusWzcPz44wFskYb
푸른하늘,spotify:artist:4fjuWKOCAh3CT7I5xW6Hc1
Lee Mi Ja,spotify:artist:3ZQ97tFlkn5moDjvgQ3kpZ
여행스케치,spotify:artist:1hjjZKt6yK0bGmubr0yOZ6
샌드페블즈,spotify:artist:0gpJgwuqFaMRC8BL14WVEZ
KIM CHOO JA,spotify:artist:568Af2a3USDRQUXgYJnRKT
진미령,spotify:artist:72rPfSvwlkbec9TX46o25N
유열,spotify:artist:2y6bgFxfaJmxD3L8A4eC4O
심수봉,spotify:artist:7xcj5TEoeAUmtYRPjspjf9
지예,spotify:artist:4EjKK0MdFQpp3lToa1m5c6
Cho Yong Pil,spotify:artist:5j200KdlKsIVqjoSDIWycA
MUSHVENOM,spotify:artist:1UIxKzYZnlJeF9siZ6IE1f
Layone,spotify:artist:2TTGZUWJg6LIOWsmCEgKCZ
Ahn byeong woong,spotify:artist:6cJ883ebXg0pWAwlzMcBxe
Rohann,spotify:artist:10jo9gGaXEw8lAgB3gK0c1
Untell,spotify:artist:3A1b2Lg9tPuQyR7ab1xgp8
Skyminhyuk,spotify:artist:1SHIOlNm9pVZ7EzO9322AM
kaogaii,spotify:artist:6zxWD2e5UlhmkO99LB4MP2
Huh!,spotify:artist:30AghIfoMJrMo1YqoUkEMM
Young B,spotify:artist:3gHXLeb9xeEGgIDiJk0pFa
TAKUWA,spotify:artist:46gc3yx3R3HyZtpwV9s82V
ZIZO,spotify:artist:3hEJREUS7yu89cUN0D13Sx
M1NU,spotify:artist:2JDfkwLPoHoH1EKw6Og6uH
CHOILB,spotify:artist:02WoRfOhF5nUVpwddshInq
EK,spotify:artist:56YvXhxjnImPI8N5dvtjm7
JJANGYOU,spotify:artist:3ViJGHHVOYothA6WMi2rYR
Woodie Gochild,spotify:artist:6iLGJqxVgxxWsJe5bW4dxt
ZENE THE ZILLA,spotify:artist:1MMbv4LTpwbh2APtXuwaZN
Lil tachi,spotify:artist:4uqXu5Qybes6RYP8ThjoEV
YUNHWAY,spotify:artist:7nq2NwlzVsllu1h5qHPxIy
OLNL,spotify:artist:4ls4GQkl0kkBlAWq2DgS0z
SUPERBEE,spotify:artist:0Q5XzDpn7DCI5jlubok4xb
Odee,spotify:artist:6cXolDFPOgf0wuRe5kMPxo
Keem Hyo-Eun,spotify:artist:59KuGY6nfY3w39O0qYVA7p
Chaboom,spotify:artist:0c8Qflq0lTE9LhXcdNZrEG
Show me the money top20,spotify:artist:754ycqDdwO0y8reMqzC1Os
Dynamicduo,spotify:artist:4nvFFLtv7ZqoTr83387uK4
Nucksal,spotify:artist:6v5cGuRCZKq08nLI4WXJuB
Hangzoo,spotify:artist:0m5ETFICJLAg6ageqa9FgZ
Why Don't We,spotify:artist:2jnIB6XdLvnJUeNTy5A0J2
JEON WOONG,spotify:artist:7HkRTmxvjlJxL3lEOSxpqN
KIM DONG HYUN,spotify:artist:6NuAIYZptWXWUCAInxX6PU
LEE DAE HWI,spotify:artist:5j4ZfrjfKJhMBbDgTFxIwB
LIM YOUNG MIN,spotify:artist:7s72t76jrvQLHUiYraBSZ0
PARK WOO JIN,spotify:artist:0kS1oLtVdBidgH2aKloRKR
Kanto,spotify:artist:1Pr77yszl1ikj6k9sy4Cju
IMLAY,spotify:artist:4b7ZEkk5uXPlwX2IPuV7Q2
MAX CHANGMIN,spotify:artist:7FiAkNWMb6ZBYI8tbQLuIS
Sorn,spotify:artist:6DY6xsCBGZHrG4PWSG5paz
홍서현,spotify:artist:62VUR4LYEGUc6mqTEUWoCC
Lim Young Woong,spotify:artist:75MOYjGEyyH5U4ZFHOPvxR
Ju Hee Park,spotify:artist:7vk2RRUtxaZgQRG6IDu7Uu
Jang Yoon-Jeong,spotify:artist:1zeaekWal9sG8T6INxaeQM
Jeong Dong Won,spotify:artist:7fB8Qn00ToFmUY3mAJJSki
kang hye yeon,spotify:artist:53p2r2Bffq3bLSM6p82uPo
Na Hoon-A,spotify:artist:6w4Xk1ziLyfweN6w3KdhxG
Jin Sung,spotify:artist:73Bihnu9ymiWuNTNtZLg9Z
Tae Yeon Kim,spotify:artist:1fj59ljd3doYrhH7iCaEVd
Kim Ho Joong,spotify:artist:4T9AuhR3YqSqaPgXzPiAuH
Mr.Boombox,spotify:artist:47feRgmsZDfJs3AOY68xPp
Hyangjin Jeon,spotify:artist:1V5jhvRhyxmq7jZD5xeGUP
Idol Team (Feel good),spotify:artist:6MCWp41PIvUqchyuVGTIFC
Hae Ri Lee,spotify:artist:1fnxcrQySdeFQwbOR5wd5I
Kim Heejae,spotify:artist:02mf5BLKtAfIkAKozHPmU5
Sol-ji,spotify:artist:6wVRp9UeKwZwPZOTkahxGa
Baek Jiyeong,spotify:artist:46DakMoRS0EvCx4OS52MA7
Joo Mi,spotify:artist:5NrRcm8goaYP6TK2LHyL87
오승근,spotify:artist:1AklxrEk7i9wiWijLX9pjg
Kim Gyeongmin,spotify:artist:0zccQI9CweyqICg8BCKGOY
YANG JI EUN,spotify:artist:5KyboIHLRemhFggxt3eofU
Jang Minho,spotify:artist:2SeVOe0CXUEKtCq3BR5A0v
Young Ji,spotify:artist:2QbyHFJW5QoKsUYx96SiEy
HUH CHAN MI,spotify:artist:4gY9u8chPm8INGfJVBnWof
포유(민수현,spotify:artist:1NOwiu5HSOhf00L6bASM1u
Kwon Inha,spotify:artist:7KSAO8NGd2dP4XnhQwXe4m
Hong Jin Young,spotify:artist:5LwiBgLTllBUiqQGNiQ7jY
YOOSANSEUL,spotify:artist:4oeD1QNqmKbREjPFgVfI6y
김용임,spotify:artist:1yQDZDUxKlzAerBjjztpkV
Kang Tae Kwan,spotify:artist:2zJySt09jONi8AWbKSdlXE
Eui Young Kim,spotify:artist:265lPO6Sy0EjhjgGj6AXhu
KIM JAE HYUNG,spotify:artist:7jPRLZRBxl3CecCaOUpWQH
Jieun Yang,spotify:artist:3RfRPUmzPijYom1BhlhLp4
조명섭,spotify:artist:1pC2zaWEUKiTmizWEgHKE4
JO1,spotify:artist:2koP6FEfIEVk4l2Fe6jFhu
Chun Woo Hee,spotify:artist:4al5llhl2yHPt9umLK6H9u
Hareem,spotify:artist:5WWxAYrskMnRaWLDUbuY20
Hong Dae Kwang,spotify:artist:6uzSh44SrjshRLiZ3qt8hp
The Night Of Seokyo,spotify:artist:6vrBuDdSYNTK6CwCVflTnx
Kim Chang-Wan,spotify:artist:2yMDYqTvjFeBZcGC4ZMMVH
IN2IT,spotify:artist:43GYq8c6nVEgaEyg0qtzJd
Seung Hee (CLC),spotify:artist:1ZJqSa04vwaMY6y95GX3Fd
Yu Seung Woo,spotify:artist:5ZSPRYslMYdwfwkKNcmBJf
Hyungdon & Daejune,spotify:artist:0mGRPYXgdf97BZW9pjJP5R
Lee Soo,spotify:artist:0wJ9JgzAlq9nif4ye4WrAR
Benaddict,spotify:artist:3hg1nO3FOk4vcE4DeundPz
DIABLO 디아블로,spotify:artist:2KDYzLnohWYbE9CJm3uW8E
MINSEO,spotify:artist:3qo507hAo0pjRj42AmioUv
Kim Greem,spotify:artist:1mJ8v3a8vsNWdP0FpUqeda
Oscar Dunbar,spotify:artist:7h8ac6sOa2cH1sANLaRDz5
Kim Tae hyun (DICKPUNKS),spotify:artist:1PkDFaa8WGxdVPD2UNdqnE
Woong San,spotify:artist:3FYwrGRWL93eQGcUoVkDO1
박지헌 PARK JI HEON,spotify:artist:0ZkpKODeWjI5DhifYgJoxk
TAEYONG,spotify:artist:6SKusTjOAPsTZ6kareKQdm
Rachael Yamagata,spotify:artist:7w0qj2HiAPIeUcoPogvOZ6
HYOJUNG,spotify:artist:6seuyGQ3Fq56sS06YVPsOk
HONGBIN,spotify:artist:42v37YfovlfevjT7WkYk9G
LEEBADA,spotify:artist:17vCFclNbTzsDfPgsaWaQO
